170941.52,Tue Sep 30 20:49:13 2025
170941.52,Tue Sep 30 20:49:13 2025
170941.52,Tue Sep 30 20:49:13 2025
170941.52,Tue Sep 30 20:49:13 2025
170941.52,Tue Sep 30 20:49:13 2025
170941.52,Tue Sep 30 20:49:13 2025
170941.52,Tue Sep 30 20:49:13 2025
170941.52,Tue Sep 30 20:49:13 2025
170941.52,Tue Sep 30 20:49:13 2025
170941.52,Tue Sep 30 20:49:13 2025
170941.52,Tue Sep 30 20:49:13 2025
170941.52,Tue Sep 30 20:49:13 2025
170941.52,Tue Sep 30 20:49:13 2025
170941.52,Tue Sep 30 20:49:13 2025
170941.52,Tue Sep 30 20:49:13 2025
170941.52,Tue Sep 30 20:49:13 2025
170941.52,Tue Sep 30 20:49:13 2025
170941.52,Tue Sep 30 20:49:13 2025
170941.52,Tue Sep 30 20:49:13 2025
170941.52,Tue Sep 30 20:49:13 2025
170941.52,Tue Sep 30 20:49:13 2025
170941.52,Tue Sep 30 20:49:13 2025
170941.52,Tue Sep 30 20:49:13 2025
170941.52,Tue Sep 30 20:49:13 2025
170941.52,Tue Sep 30 20:49:13 2025
170941.52,Tue Sep 30 20:49:13 2025
170941.52,Tue Sep 30 20:49:13 2025
170941.52,Tue Sep 30 20:49:13 2025
170941.52,Tue Sep 30 20:49:13 2025
170941.52,Tue Sep 30 20:49:13 2025
170941.52,Tue Sep 30 20:49:13 2025
170941.52,Tue Sep 30 20:49:13 2025
170941.52,Tue Sep 30 20:49:13 2025
170941.52,Tue Sep 30 20:49:13 2025
170941.52,Tue Sep 30 20:49:13 2025
170941.52,Tue Sep 30 20:49:13 2025
170941.52,Tue Sep 30 20:49:13 2025
170941.52,Tue Sep 30 20:49:13 2025
170941.52,Tue Sep 30 20:49:13 2025
170941.52,Tue Sep 30 20:49:13 2025
170941.52,Tue Sep 30 20:49:13 2025
170941.52,Tue Sep 30 20:49:13 2025
170941.52,Tue Sep 30 20:49:13 2025
170941.52,Tue Sep 30 20:49:13 2025
170941.52,Tue Sep 30 20:49:13 2025
170941.52,Tue Sep 30 20:49:13 2025
170941.52,Tue Sep 30 20:49:13 2025
170941.52,Tue Sep 30 20:49:13 2025
170941.52,Tue Sep 30 20:49:13 2025
170941.52,Tue Sep 30 20:49:13 2025
170941.52,Tue Sep 30 20:49:13 2025
170941.52,Tue Sep 30 20:49:13 2025
170941.52,Tue Sep 30 20:49:13 2025
170941.52,Tue Sep 30 20:49:13 2025
170941.52,Tue Sep 30 20:49:13 2025
170941.52,Tue Sep 30 20:49:13 2025
170941.52,Tue Sep 30 20:49:13 2025
170941.52,Tue Sep 30 20:49:13 2025
170941.52,Tue Sep 30 20:49:13 2025
170941.52,Tue Sep 30 20:49:13 2025
170941.52,Tue Sep 30 20:49:13 2025
170941.52,Tue Sep 30 20:49:13 2025
170941.52,Tue Sep 30 20:49:13 2025
170941.52,Tue Sep 30 20:49:13 2025
170941.52,Tue Sep 30 20:49:13 2025
170941.52,Tue Sep 30 20:49:13 2025
170941.52,Tue Sep 30 20:49:13 2025
170941.52,Tue Sep 30 20:49:13 2025
170941.52,Tue Sep 30 20:49:13 2025
170941.52,Tue Sep 30 20:49:13 2025
170941.52,Tue Sep 30 20:49:13 2025
170941.52,Tue Sep 30 20:49:13 2025
170941.52,Tue Sep 30 20:49:13 2025
170941.52,Tue Sep 30 20:49:13 2025
170941.52,Tue Sep 30 20:49:13 2025
170941.52,Tue Sep 30 20:49:13 2025
170941.52,Tue Sep 30 20:49:13 2025
170941.52,Tue Sep 30 20:49:13 2025
170941.52,Tue Sep 30 20:49:13 2025
170941.52,Tue Sep 30 20:49:13 2025
170941.52,Tue Sep 30 20:49:13 2025
170941.52,Tue Sep 30 20:49:13 2025
170941.52,Tue Sep 30 20:49:13 2025
170941.52,Tue Sep 30 20:49:13 2025
170941.52,Tue Sep 30 20:49:13 2025
170941.52,Tue Sep 30 20:49:13 2025
170941.52,Tue Sep 30 20:49:13 2025
170941.52,Tue Sep 30 20:49:13 2025
170941.52,Tue Sep 30 20:49:13 2025
170941.52,Tue Sep 30 20:49:13 2025
170941.52,Tue Sep 30 20:49:13 2025
170941.52,Tue Sep 30 20:49:13 2025
170941.52,Tue Sep 30 20:49:13 2025
170941.52,Tue Sep 30 20:49:13 2025
170941.52,Tue Sep 30 20:49:13 2025
170941.52,Tue Sep 30 20:49:13 2025
170941.52,Tue Sep 30 20:49:13 2025
170941.52,Tue Sep 30 20:49:13 2025
170941.52,Tue Sep 30 20:49:13 2025
170941.52,Tue Sep 30 20:49:13 2025
170941.52,Tue Sep 30 20:49:13 2025
170941.52,Tue Sep 30 20:49:13 2025
170941.52,Tue Sep 30 20:49:13 2025
170941.52,Tue Sep 30 20:49:13 2025
170941.52,Tue Sep 30 20:49:13 2025
170941.52,Tue Sep 30 20:49:13 2025
170941.52,Tue Sep 30 20:49:13 2025
170941.52,Tue Sep 30 20:49:13 2025
170941.52,Tue Sep 30 20:49:13 2025
170941.52,Tue Sep 30 20:49:13 2025
170941.52,Tue Sep 30 20:49:13 2025
170941.52,Tue Sep 30 20:49:13 2025
170941.52,Tue Sep 30 20:49:13 2025
170941.52,Tue Sep 30 20:49:13 2025
170941.52,Tue Sep 30 20:49:13 2025
170941.52,Tue Sep 30 20:49:13 2025
170941.52,Tue Sep 30 20:49:13 2025
170941.52,Tue Sep 30 20:49:13 2025
170941.52,Tue Sep 30 20:49:13 2025
170941.52,Tue Sep 30 20:49:13 2025
170941.52,Tue Sep 30 20:49:13 2025
170941.52,Tue Sep 30 20:49:13 2025
170941.52,Tue Sep 30 20:49:13 2025
170941.52,Tue Sep 30 20:49:13 2025
170941.52,Tue Sep 30 20:49:13 2025
170941.52,Tue Sep 30 20:49:13 2025
170941.52,Tue Sep 30 20:49:13 2025
170941.52,Tue Sep 30 20:49:13 2025
170941.52,Tue Sep 30 20:49:13 2025
170941.52,Tue Sep 30 20:49:13 2025
170941.52,Tue Sep 30 20:49:13 2025
170941.52,Tue Sep 30 20:49:13 2025
170941.52,Tue Sep 30 20:49:13 2025
170941.52,Tue Sep 30 20:49:13 2025
170941.52,Tue Sep 30 20:49:13 2025
171002.09,Tue Sep 30 20:49:52 2025
171002.09,Tue Sep 30 20:49:52 2025
171002.09,Tue Sep 30 20:49:52 2025
171002.09,Tue Sep 30 20:49:52 2025
171002.09,Tue Sep 30 20:49:52 2025
171002.09,Tue Sep 30 20:49:52 2025
171002.09,Tue Sep 30 20:49:52 2025
171002.09,Tue Sep 30 20:49:52 2025
171002.09,Tue Sep 30 20:49:52 2025
171002.09,Tue Sep 30 20:49:52 2025
171002.09,Tue Sep 30 20:49:52 2025
171002.09,Tue Sep 30 20:49:52 2025
171002.09,Tue Sep 30 20:49:52 2025
171002.09,Tue Sep 30 20:49:52 2025
171002.09,Tue Sep 30 20:49:52 2025
171002.09,Tue Sep 30 20:49:52 2025
171002.09,Tue Sep 30 20:49:52 2025
171002.09,Tue Sep 30 20:49:52 2025
171002.09,Tue Sep 30 20:49:52 2025
171002.09,Tue Sep 30 20:49:52 2025
171002.09,Tue Sep 30 20:49:52 2025
171002.09,Tue Sep 30 20:49:52 2025
171002.09,Tue Sep 30 20:49:52 2025
171002.09,Tue Sep 30 20:49:52 2025
171002.09,Tue Sep 30 20:49:52 2025
171002.09,Tue Sep 30 20:49:52 2025
171002.09,Tue Sep 30 20:49:52 2025
171002.09,Tue Sep 30 20:49:52 2025
171002.09,Tue Sep 30 20:49:52 2025
171002.09,Tue Sep 30 20:49:52 2025
171002.09,Tue Sep 30 20:49:52 2025
171002.09,Tue Sep 30 20:49:52 2025
171002.09,Tue Sep 30 20:49:52 2025
171002.09,Tue Sep 30 20:49:52 2025
171002.09,Tue Sep 30 20:49:52 2025
171002.09,Tue Sep 30 20:49:52 2025
171002.09,Tue Sep 30 20:49:52 2025
171002.09,Tue Sep 30 20:49:52 2025
171002.09,Tue Sep 30 20:49:52 2025
171002.09,Tue Sep 30 20:49:52 2025
171002.09,Tue Sep 30 20:49:52 2025
171002.09,Tue Sep 30 20:49:52 2025
171002.09,Tue Sep 30 20:49:52 2025
171002.09,Tue Sep 30 20:49:52 2025
171002.09,Tue Sep 30 20:49:52 2025
171002.09,Tue Sep 30 20:49:52 2025
171002.09,Tue Sep 30 20:49:52 2025
171002.09,Tue Sep 30 20:49:52 2025
171002.09,Tue Sep 30 20:49:52 2025
171002.09,Tue Sep 30 20:49:52 2025
171002.09,Tue Sep 30 20:49:52 2025
171002.09,Tue Sep 30 20:49:52 2025
171002.09,Tue Sep 30 20:49:52 2025
171002.09,Tue Sep 30 20:49:52 2025
171002.09,Tue Sep 30 20:49:52 2025
171002.09,Tue Sep 30 20:49:52 2025
171002.09,Tue Sep 30 20:49:52 2025
171002.09,Tue Sep 30 20:49:52 2025
171002.09,Tue Sep 30 20:49:52 2025
171002.09,Tue Sep 30 20:49:52 2025
171002.09,Tue Sep 30 20:49:52 2025
171002.09,Tue Sep 30 20:49:52 2025
171002.09,Tue Sep 30 20:49:52 2025
171002.09,Tue Sep 30 20:49:52 2025
171002.09,Tue Sep 30 20:49:52 2025
171002.09,Tue Sep 30 20:49:52 2025
171002.09,Tue Sep 30 20:49:52 2025
171002.09,Tue Sep 30 20:49:52 2025
171002.09,Tue Sep 30 20:49:52 2025
171002.09,Tue Sep 30 20:49:52 2025
171002.09,Tue Sep 30 20:49:52 2025
171002.09,Tue Sep 30 20:49:52 2025
171002.09,Tue Sep 30 20:49:52 2025
171002.09,Tue Sep 30 20:49:52 2025
171002.09,Tue Sep 30 20:49:52 2025
171002.09,Tue Sep 30 20:49:52 2025
171002.09,Tue Sep 30 20:49:52 2025
171002.09,Tue Sep 30 20:49:52 2025
171002.09,Tue Sep 30 20:49:52 2025
171002.09,Tue Sep 30 20:49:52 2025
171002.09,Tue Sep 30 20:49:52 2025
171002.09,Tue Sep 30 20:49:52 2025
171002.09,Tue Sep 30 20:49:52 2025
171002.09,Tue Sep 30 20:49:52 2025
171002.09,Tue Sep 30 20:49:52 2025
171002.09,Tue Sep 30 20:49:52 2025
171002.09,Tue Sep 30 20:49:52 2025
171002.09,Tue Sep 30 20:49:52 2025
171002.09,Tue Sep 30 20:49:52 2025
171002.09,Tue Sep 30 20:49:52 2025
171002.09,Tue Sep 30 20:49:52 2025
171002.09,Tue Sep 30 20:49:52 2025
171002.09,Tue Sep 30 20:49:52 2025
171002.09,Tue Sep 30 20:49:52 2025
171002.09,Tue Sep 30 20:49:52 2025
171002.09,Tue Sep 30 20:49:52 2025
171002.09,Tue Sep 30 20:49:52 2025
171002.09,Tue Sep 30 20:49:52 2025
171002.09,Tue Sep 30 20:49:52 2025
171002.09,Tue Sep 30 20:49:52 2025
171002.09,Tue Sep 30 20:49:52 2025
171002.09,Tue Sep 30 20:49:52 2025
171002.09,Tue Sep 30 20:49:52 2025
171002.09,Tue Sep 30 20:49:52 2025
171002.09,Tue Sep 30 20:49:52 2025
171002.09,Tue Sep 30 20:49:52 2025
171002.09,Tue Sep 30 20:49:52 2025
171002.09,Tue Sep 30 20:49:52 2025
171002.09,Tue Sep 30 20:49:52 2025
171002.09,Tue Sep 30 20:49:52 2025
171002.09,Tue Sep 30 20:49:52 2025
171002.09,Tue Sep 30 20:49:52 2025
171002.09,Tue Sep 30 20:49:52 2025
171002.09,Tue Sep 30 20:49:52 2025
171002.09,Tue Sep 30 20:49:52 2025
171002.09,Tue Sep 30 20:49:52 2025
171002.09,Tue Sep 30 20:49:52 2025
171002.09,Tue Sep 30 20:49:52 2025
171002.09,Tue Sep 30 20:49:52 2025
171002.09,Tue Sep 30 20:49:52 2025
171002.09,Tue Sep 30 20:49:52 2025
171002.09,Tue Sep 30 20:49:52 2025
171002.09,Tue Sep 30 20:49:52 2025
171002.09,Tue Sep 30 20:49:52 2025
171002.09,Tue Sep 30 20:49:52 2025
171002.09,Tue Sep 30 20:49:52 2025
171002.09,Tue Sep 30 20:49:52 2025
171002.09,Tue Sep 30 20:49:52 2025
171002.09,Tue Sep 30 20:49:52 2025
171002.09,Tue Sep 30 20:49:52 2025
171002.09,Tue Sep 30 20:49:52 2025
171002.09,Tue Sep 30 20:49:52 2025
171002.09,Tue Sep 30 20:49:52 2025
171002.09,Tue Sep 30 20:49:52 2025
171002.09,Tue Sep 30 20:49:52 2025
171002.09,Tue Sep 30 20:49:52 2025
171002.09,Tue Sep 30 20:49:52 2025
171002.09,Tue Sep 30 20:49:52 2025
171002.09,Tue Sep 30 20:49:52 2025
171002.09,Tue Sep 30 20:49:52 2025
171002.09,Tue Sep 30 20:49:52 2025
171002.09,Tue Sep 30 20:49:52 2025
171002.09,Tue Sep 30 20:49:52 2025
171002.09,Tue Sep 30 20:49:52 2025
171002.09,Tue Sep 30 20:49:52 2025
171002.09,Tue Sep 30 20:49:52 2025
171002.09,Tue Sep 30 20:49:52 2025
171002.09,Tue Sep 30 20:49:52 2025
171002.09,Tue Sep 30 20:49:52 2025
171002.09,Tue Sep 30 20:49:52 2025
171002.09,Tue Sep 30 20:49:52 2025
171002.09,Tue Sep 30 20:49:52 2025
171002.09,Tue Sep 30 20:49:52 2025
171002.09,Tue Sep 30 20:49:52 2025
171002.09,Tue Sep 30 20:49:52 2025
171002.09,Tue Sep 30 20:49:52 2025
171002.09,Tue Sep 30 20:49:52 2025
171002.09,Tue Sep 30 20:49:52 2025
171002.09,Tue Sep 30 20:49:52 2025
171002.09,Tue Sep 30 20:49:52 2025
171002.09,Tue Sep 30 20:49:52 2025
171002.09,Tue Sep 30 20:49:52 2025
171002.09,Tue Sep 30 20:49:52 2025
171002.09,Tue Sep 30 20:49:52 2025
171002.09,Tue Sep 30 20:49:52 2025
171002.09,Tue Sep 30 20:49:52 2025
171002.09,Tue Sep 30 20:49:52 2025
171002.09,Tue Sep 30 20:49:52 2025
171002.09,Tue Sep 30 20:49:52 2025
171002.09,Tue Sep 30 20:49:52 2025
171002.09,Tue Sep 30 20:49:52 2025
171002.09,Tue Sep 30 20:49:52 2025
171002.09,Tue Sep 30 20:49:52 2025
171002.09,Tue Sep 30 20:49:52 2025
171002.09,Tue Sep 30 20:49:52 2025
171002.09,Tue Sep 30 20:49:52 2025
171002.09,Tue Sep 30 20:49:52 2025
171002.09,Tue Sep 30 20:49:52 2025
171002.09,Tue Sep 30 20:49:52 2025
171002.09,Tue Sep 30 20:49:52 2025
171002.09,Tue Sep 30 20:49:52 2025
171002.09,Tue Sep 30 20:49:52 2025
171002.09,Tue Sep 30 20:49:52 2025
171002.09,Tue Sep 30 20:49:52 2025
171002.09,Tue Sep 30 20:49:52 2025
171002.09,Tue Sep 30 20:49:52 2025
171002.09,Tue Sep 30 20:49:52 2025
